id,first_name,last_name,email,gender
1,Ximenes,Ianitti,xianitti0@japanpost.jp,Male
2,Tani,Drayton,tdrayton1@miitbeian.gov.cn,Female
3,Cullen,Feehely,cfeehely2@dot.gov,Male
4,Zia,Noir,znoir3@ebay.co.uk,Female
5,Kally,Janczewski,kjanczewski4@moonfruit.com,Female
6,Doretta,Kay,dkay5@vinaora.com,Female
7,Sharl,Wyeld,swyeld6@barnesandnoble.com,Agender
8,Sula,Leggon,sleggon7@dropbox.com,Non-binary
9,Vance,Petett,vpetett8@xrea.com,Male
10,Gorden,Loffill,gloffill9@businesswire.com,Male
11,Buddy,Barfitt,bbarfitta@prlog.org,Male
12,Amabelle,Glyn,aglynb@patch.com,Female
13,Clemens,Millions,cmillionsc@godaddy.com,Male
14,Nathaniel,Hamor,nhamord@alibaba.com,Male
15,Brigitta,Dubery,bduberye@slideshare.net,Female
16,Gino,Sedgefield,gsedgefieldf@intel.com,Male
17,Julietta,Bourton,jbourtong@microsoft.com,Polygender
18,Chevalier,Wass,cwassh@bigcartel.com,Male
19,Adel,Drake,adrakei@vk.com,Female
20,Meggie,Chalder,mchalderj@tripod.com,Genderqueer
21,Fancy,Gyer,fgyerk@fotki.com,Female
22,Viola,Nafzger,vnafzgerl@slate.com,Non-binary
23,Flory,Crassweller,fcrasswellerm@sfgate.com,Male
24,Orelie,Vinau,ovinaun@who.int,Genderqueer
25,Gil,McIlwraith,gmcilwraitho@linkedin.com,Male
26,Jodie,Chesnay,jchesnayp@comsenz.com,Female
27,Othilie,Bannon,obannonq@globo.com,Female
28,Elna,Chettle,echettler@1und1.de,Genderqueer
29,Didi,Lafranconi,dlafranconis@telegraph.co.uk,Female
30,Gusti,Beeswing,gbeeswingt@un.org,Female
31,Callida,Wellan,cwellanu@mashable.com,Female
32,Andrej,Cassley,acassleyv@ebay.co.uk,Male
33,Camilla,Edlyn,cedlynw@utexas.edu,Female
34,Julieta,Bedlington,jbedlingtonx@dmoz.org,Female
35,Chloe,Moat,cmoaty@networkadvertising.org,Female
36,Jonell,Filip,jfilipz@redcross.org,Female
37,Chris,Simner,csimner10@businessweek.com,Male
38,Merola,Dodell,mdodell11@cmu.edu,Agender
39,Garth,Scouller,gscouller12@ocn.ne.jp,Male
40,Iggie,Handy,ihandy13@1und1.de,Male
41,Prisca,Pigeon,ppigeon14@dyndns.org,Female
42,Kalil,Crighton,kcrighton15@unicef.org,Male
43,Clary,Parke,cparke16@fema.gov,Female
44,Roz,Scoines,rscoines17@live.com,Female
45,Isidor,Saladino,isaladino18@census.gov,Agender
46,Fidelity,Dorcey,fdorcey19@webmd.com,Non-binary
47,Winslow,Keeler,wkeeler1a@multiply.com,Male
48,Marena,Saunper,msaunper1b@so-net.ne.jp,Female
49,Pauli,Limming,plimming1c@cbslocal.com,Female
50,Conrado,Manhare,cmanhare1d@forbes.com,Male
51,Allyn,Inworth,ainworth1e@webs.com,Male
52,Talia,Wildey,twildey1f@cmu.edu,Female
53,Alexandre,Fielding,afielding1g@mozilla.com,Male
54,Wanids,Grushin,wgrushin1h@elpais.com,Female
55,Bobbe,Gullyes,bgullyes1i@soup.io,Female
56,Darice,Bladen,dbladen1j@flickr.com,Female
57,Pearce,Biermatowicz,pbiermatowicz1k@chron.com,Male
58,Lindsay,Carpe,lcarpe1l@mashable.com,Agender
59,Roman,Kinsett,rkinsett1m@nationalgeographic.com,Male
60,Barnabe,Venus,bvenus1n@mozilla.com,Male
61,Lynnet,Coggins,lcoggins1o@biblegateway.com,Female
62,Keelby,Dalman,kdalman1p@economist.com,Male
63,Cristi,Jacks,cjacks1q@aol.com,Female
64,Zaneta,Brydie,zbrydie1r@shutterfly.com,Female
65,Minta,Beirne,mbeirne1s@yale.edu,Agender
66,Amata,Groomebridge,agroomebridge1t@wikia.com,Female
67,Gardener,Boosey,gboosey1u@dropbox.com,Male
68,Auberon,Reeder,areeder1v@mozilla.com,Male
69,Cherri,Tockell,ctockell1w@ifeng.com,Female
70,Anders,Goodby,agoodby1x@wired.com,Male
71,Howie,Tabor,htabor1y@accuweather.com,Male
72,Giralda,Grimme,ggrimme1z@apache.org,Female
73,Kerrin,Baylis,kbaylis20@surveymonkey.com,Female
74,Noel,Sydry,nsydry21@tripadvisor.com,Male
75,Noel,Antyukhin,nantyukhin22@hexun.com,Male
76,Mabel,Danelet,mdanelet23@ebay.co.uk,Female
77,Sax,Ferriby,sferriby24@washingtonpost.com,Male
78,Augustina,Macer,amacer25@toplist.cz,Female
79,Nefen,Falconer-Taylor,nfalconertaylor26@house.gov,Male
80,Laverna,Mines,lmines27@slate.com,Female
81,Annabal,Rewcassell,arewcassell28@netscape.com,Female
82,Solly,Bending,sbending29@imdb.com,Male
83,Yelena,Ballantine,yballantine2a@jigsy.com,Female
84,Karoline,Remirez,kremirez2b@admin.ch,Female
85,Tamara,Richard,trichard2c@redcross.org,Female
86,Gannon,Tait,gtait2d@google.co.jp,Male
87,Teddy,Sivill,tsivill2e@vistaprint.com,Female
88,Cecilla,Guy,cguy2f@webnode.com,Polygender
89,Beulah,Hayle,bhayle2g@time.com,Female
90,Bobbi,Lednor,blednor2h@pcworld.com,Female
91,Cull,Vasenin,cvasenin2i@com.com,Male
92,Willa,Inkle,winkle2j@cargocollective.com,Female
93,Davis,Santello,dsantello2k@squidoo.com,Non-binary
94,Robin,Haberfield,rhaberfield2l@aboutads.info,Genderfluid
95,Ilene,Ilyinykh,iilyinykh2m@irs.gov,Female
96,Lorrin,Scamaden,lscamaden2n@myspace.com,Female
97,Aharon,O'Curran,aocurran2o@businesswire.com,Male
98,Julianne,Henricsson,jhenricsson2p@angelfire.com,Female
99,Lilas,Dericut,ldericut2q@cnn.com,Female
100,Peyton,Cromley,pcromley2r@twitter.com,Male
