id,first_name,last_name,email,gender,ip_address
1,Frannie,Jiranek,fjiranek0@yandex.ru,Female,14.49.234.251
2,Merrile,Lathbury,mlathbury1@hao123.com,Female,
3,Andrej,Manson,amanson2@arstechnica.com,Male,55.61.35.149
4,Karoly,Ledwith,kledwith3@theguardian.com,Male,74.105.202.121
5,Othelia,Vasnev,ovasnev4@princeton.edu,,
6,Etty,Bellany,ebellany5@howstuffworks.com,Female,
7,Skippie,Broomfield,sbroomfield6@harvard.edu,Male,
8,Florance,Whetton,fwhetton7@dyndns.org,Female,
9,Odille,Whisker,owhisker8@vinaora.com,Female,180.215.67.157
10,Alyse,Mance,amance9@istockphoto.com,Bigender,
11,Jared,Baglan,jbaglana@lycos.com,Male,
12,Annie,Chadburn,achadburnb@ftc.gov,Female,
13,Pattie,Nozzolii,pnozzoliic@cnn.com,,
14,Munmro,Sallnow,msallnowd@marriott.com,Male,
15,Friederike,Goford,fgoforde@blogs.com,Female,234.74.7.165
16,Luis,Anglim,langlimf@oakley.com,Male,137.229.98.67
17,Gerda,Erington,geringtong@wp.com,Female,
18,Vlad,Emmanuel,vemmanuelh@sogou.com,Male,
19,Velma,Agiolfinger,vagiolfingeri@surveymonkey.com,Female,95.139.250.123
20,Dorie,Ivatts,divattsj@zdnet.com,Female,34.36.64.128
21,Candie,Keoghane,ckeoghanek@pen.io,Female,
22,Moyra,Hrachovec,mhrachovecl@berkeley.edu,Genderfluid,203.165.112.123
23,Cami,Worham,cworhamm@sciencedaily.com,,
24,Harriette,Emons,hemonsn@boston.com,Female,
25,Temp,Marsham,tmarshamo@icio.us,Male,
26,Trudie,Meek,tmeekp@sohu.com,,
27,Gale,Kelcher,gkelcherq@nbcnews.com,Female,172.175.59.81
28,Ira,Steers,isteersr@hud.gov,Male,
29,Madelle,Twiddle,mtwiddles@shop-pro.jp,Agender,
30,Marnia,Hugill,mhugillt@360.cn,Female,
31,Maurice,Rubbert,mrubbertu@reddit.com,Male,128.194.62.84
32,Thurston,Pittock,tpittockv@mysql.com,Male,
33,Reinhard,Crookshanks,rcrookshanksw@eventbrite.com,Male,208.178.217.62
34,Bruce,Seel,bseelx@ask.com,Male,
35,Kippar,Labell,,Male,
36,Miguel,Jarrette,mjarrettez@reference.com,Male,155.217.16.191
37,Lewie,Theml,,Agender,57.181.231.141
38,Tara,MacGuigan,tmacguigan11@mozilla.org,Female,226.108.173.148
39,Tammie,Galgey,tgalgey12@sfgate.com,Male,155.84.211.70
40,Leonhard,Cicchinelli,lcicchinelli13@mit.edu,Male,64.105.245.91
41,Rusty,Adriano,radriano14@answers.com,Male,254.251.32.93
42,Brewer,Bennedick,bbennedick15@people.com.cn,Male,
43,Alan,Freemantle,,Bigender,
44,Marjy,Halburton,,Female,
45,Anson,Figgen,afiggen18@e-recht24.de,Male,
46,Clotilda,Lawling,clawling19@nps.gov,,164.63.34.71
47,Thurstan,Fagg,tfagg1a@yandex.ru,Male,
48,Lotte,Kunrad,lkunrad1b@feedburner.com,Female,4.169.190.247
49,Ferris,Robert,frobert1c@salon.com,Male,92.218.239.9
50,Britt,Baythrop,bbaythrop1d@vkontakte.ru,Genderqueer,176.113.114.151
51,Gabe,Vant,gvant1e@devhub.com,Male,
52,Clement,Lowing,clowing1f@bbc.co.uk,Male,
53,Emery,Guerri,eguerri1g@apple.com,Genderqueer,
54,Rina,Maciocia,rmaciocia1h@vinaora.com,Female,52.6.13.170
55,Jerrine,Haseldine,jhaseldine1i@istockphoto.com,Female,
56,Brittany,McMeanma,bmcmeanma1j@sourceforge.net,Female,
57,Faustina,Loosely,floosely1k@blog.com,Female,
58,Cilka,O'Fallowne,cofallowne1l@wufoo.com,Female,
59,Ebenezer,Gligori,egligori1m@wordpress.com,Male,
60,Bertrand,Learoid,blearoid1n@ucoz.ru,Male,
61,Obadiah,Campelli,ocampelli1o@google.nl,Male,
62,Wilhelmina,Biggs,wbiggs1p@unblog.fr,Female,
63,Faye,Immer,fimmer1q@reuters.com,Female,
64,Aila,Dives,adives1r@facebook.com,Female,
65,Grant,Capoun,gcapoun1s@imgur.com,Male,14.223.229.86
66,Shanan,Baggally,sbaggally1t@apache.org,Male,
67,Batholomew,Hatliff,bhatliff1u@jugem.jp,Male,161.95.25.136
68,Christabel,Shakesby,cshakesby1v@mapy.cz,Female,
69,Clemence,Tuer,ctuer1w@weather.com,Female,
70,Marjy,MacGaughie,mmacgaughie1x@instagram.com,Female,
71,Karilynn,Bauchop,kbauchop1y@wordpress.org,Female,
72,Lezley,Duferie,,Male,
73,Wolfie,Jiru,wjiru20@google.fr,Male,13.75.95.219
74,Eloisa,Kinnin,ekinnin21@princeton.edu,Female,171.105.157.215
75,Graham,Coxen,gcoxen22@ibm.com,Male,
76,Ryun,Euplate,,Male,
77,Chrisy,Goodspeed,cgoodspeed24@samsung.com,Male,
78,Diena,Chace,dchace25@techcrunch.com,Non-binary,
79,Renado,Gideon,rgideon26@mail.ru,Male,
80,Petronia,Kleingrub,pkleingrub27@blogspot.com,Female,
81,Griffin,Yurtsev,gyurtsev28@sourceforge.net,Male,
82,Sabra,Carwithan,scarwithan29@gmpg.org,Female,
83,Joanie,Sarton,jsarton2a@fc2.com,Female,159.101.175.235
84,Hurleigh,Thirlwall,hthirlwall2b@miitbeian.gov.cn,Male,
85,Francyne,Lindgren,flindgren2c@yandex.ru,Female,
86,Meredeth,Twidell,mtwidell2d@mediafire.com,Male,111.126.173.23
87,Chanda,Hanwright,chanwright2e@biblegateway.com,Female,251.250.157.6
88,Barclay,Scarse,bscarse2f@constantcontact.com,Male,244.116.102.159
89,Jameson,Sarsfield,jsarsfield2g@parallels.com,Male,109.159.222.208
90,Nichols,Croley,ncroley2h@un.org,Male,
91,Arielle,Soeiro,asoeiro2i@reddit.com,Female,
92,Zarah,Stichel,zstichel2j@sogou.com,Female,
93,Hiram,Bateson,hbateson2k@answers.com,Male,
94,Cully,Bolf,cbolf2l@spiegel.de,Male,
95,Burtie,Earney,,Male,
96,Israel,Roycroft,iroycroft2n@hostgator.com,Non-binary,
97,Hadria,Sayce,hsayce2o@nationalgeographic.com,Female,
98,Rayna,Beals,rbeals2p@usnews.com,Female,
99,Harlen,Castana,hcastana2q@twitpic.com,Male,
100,Antonietta,Morlon,,Polygender,36.241.94.40
